Reporting country (Name),Commodity (Name),Trade flow (Name),Unit (Name),Unit,[1985],[1986],[1987],[1988],[1989],[1990],[1991],[1992],[1993],[1994],[1995],[1996],[1997],[1998],[1999],[2000],[2001],[2002],[2003],[2004],[2005],[2006],[2007],[2008],[2009],[2010],[2011],[2012],[2013],[2014],[2015],[2016],[2017],[2018],[2019]
China,"Abalone (Haliotis spp.), frozen",Imports,Tonnes - net product weight,Tonnes - net product weight,0,0,0,0,0,0,0,0,0,0,0,0,0,0,0,0,0,0,0,0,0,0,0,0,0,0,0,0,0,0,0,0,71,99,205.7
China,"Abalone meat, prepared or preserved",Imports,Tonnes - net product weight,Tonnes - net product weight,0,0,0,0,0,0,0,0,0,0,0,0,0,0,0,0,0,0,0,0,0,0,0,0,0,0,0,10,10,5,1,13,9,18,33.9
China,"Abalones, dried, salted or in brine, smoked",Imports,Tonnes - net product weight,Tonnes - net product weight,0,0,0,0,0,0,0,0,0,0,0,0,0,0,0,0,0,0,0,0,0,0,0,0,0,0,0,0,0,0,0,0,1,7,31.86
China,"Abalones, shucked or not, live,fresh or chilled",Imports,Tonnes - net product weight,Tonnes - net product weight,0,0,0,0,0,0,0,31,203,201,0,6,1,7,18,65,51,74,188,370,665,441,236,203,381,0,0,454,426,442,274,968,794,1334,922.54
China,"Abalones, shucked or not, other than live,fresh or chilled",Imports,Tonnes - net product weight,Tonnes - net product weight,0,0,174,340,196,35,65,58,70,242,0,329,22,24,23,20,46,355,189,163,288,138,123,47,63,640,822,53,15,64,82,76,0,0,0
China,"Alaska pollock fillets, frozen",Imports,Tonnes - net product weight,Tonnes - net product weight,0,0,0,0,0,0,0,0,0,0,0,0,0,0,0,0,0,0,0,0,0,0,0,0,0,0,0,921,2620,3407,2352,1869,5859,6009,2861.65
China,"Alaska pollock, frozen",Imports,Tonnes - net product weight,Tonnes - net product weight,0,0,0,0,0,0,0,0,0,0,0,0,0,0,0,0,0,0,0,0,0,0,0,0,0,0,0,649357,664447,615268,625334,625063,664703,569082,685891.78
China,"Alaska pollock, meat, whether or not minced, frozen",Imports,Tonnes - net product weight,Tonnes - net product weight,0,0,0,0,0,0,0,0,0,0,0,0,0,0,0,0,0,0,0,0,0,0,0,0,0,0,0,696,1695,1997,2694,2286,5388,4400,4049.32
China,"Albacore (=Longfin tuna), fresh or chilled",Imports,Tonnes - net product weight,Tonnes - net product weight,0,0,0,0,0,0,0,1,6,0,1,0,2,2,2,1,0,0,0,0,99,0,0,0,0,0,0,0,0,0,0,0,0,3,1.05
China,"Albacore (=Longfin tuna), frozen, nei",Imports,Tonnes - net product weight,Tonnes - net product weight,0,0,0,0,0,0,0,1,1,1,1,1,1,1,2,2,1,1000,103,24,169,1690,1927,1320,877,1550,2857,3922,1103,1500,1373,3061,2522,3432,50.19
China,"American/European lobsters (Homarus spp.), live, fresh or chilled, nei",Imports,Tonnes - net product weight,Tonnes - net product weight,0,0,0,0,0,0,0,0,0,0,0,0,0,0,0,0,0,0,0,0,0,0,0,0,0,0,0,0,0,0,0,0,15088,20362,21876.92
China,"American/European lobsters (Homarus spp.), nei, even smoked, frozen",Imports,Tonnes - net product weight,Tonnes - net product weight,0,0,0,0,0,0,0,41,321,2150,3329,1878,1922,596,614,4414,1245,39,225,51,125,633,1137,1963,2466,4449,1303,1157,810,870,1300,1112,1461,2496,2833.96
China,"American/European lobsters (Homarus spp.), not frozen",Imports,Tonnes - net product weight,Tonnes - net product weight,0,0,0,0,0,0,0,0,1,1,0,1,1,0,0,3,0,20,18,28,16,40,45,103,201,467,1660,2001,3755,8465,9520,12630,0,0,0
China,"Anchovies (Engraulis spp), fresh or chilled",Imports,Tonnes - net product weight,Tonnes - net product weight,0,0,0,0,0,0,0,0,0,0,0,0,0,0,0,0,0,0,0,0,0,0,0,0,0,0,0,0,0,1,0,0,0,0,0
China,"Anchovies, Indian mackerels, seerfishes, jacks, crevalles, silver pomfrets, Pacific saury, scads, capelin, Kawakawa, bonitos, marlins, sailfishes, spearfish, frozen",Imports,Tonnes - net product weight,Tonnes - net product weight,0,0,0,0,0,0,0,0,0,0,0,0,0,0,0,0,0,0,0,0,0,0,0,0,0,0,0,0,0,0,0,0,75573,102510,55279.5
China,"Anchovies, prepared or preserved, not minced",Imports,Tonnes - net product weight,Tonnes - net product weight,0,0,0,0,0,0,0,0,0,8,0,7,2,0,0,0,3,1,0,2,0,4,5,2,2,7,8,4,12,32,76,34,31,59,51.91
China,"Anchovies, salted or in brine",Imports,Tonnes - net product weight,Tonnes - net product weight,0,0,0,0,0,0,0,0,0,0,0,0,0,0,0,0,0,3,0,0,2,0,277,631,133,600,615,445,652,602,498,514,218,161,215.52
China,"Aquatic invertebrates, other than live, fresh or chilled, nei",Imports,Tonnes - net product weight,Tonnes - net product weight,0,0,0,0,0,0,0,0,0,0,0,0,0,0,0,0,0,0,0,0,0,0,0,0,0,0,0,124,9,3,24,1633,162,30,48.02
China,"Atlantic and Danube salmons, fresh or chilled",Imports,Tonnes - net product weight,Tonnes - net product weight,0,0,0,0,0,0,0,0,0,0,0,0,0,0,0,0,0,408,618,3488,3044,3311,4852,5310,8103,13177,11016,20054,16111,29065,40418,32787,37773,64798,74241.78
China,"Atlantic salmon and Danube salmon, frozen",Imports,Tonnes - net product weight,Tonnes - net product weight,0,0,0,0,0,0,0,0,151,426,7,7,0,0,763,1342,1248,837,1419,1261,973,1318,1111,2119,4764,2341,2731,4754,7312,17517,12696,12882,13601,14713,14942.2
China,"Atlantic salmon, not minced, prepared or preserved",Imports,Tonnes - net product weight,Tonnes - net product weight,0,0,0,0,0,0,0,0,0,0,0,0,0,0,0,0,0,0,0,0,1,0,0,12,1,0,0,3,4,2,20,44,31,45,13.62
China,"Atlantic(Thunnus thynnus), Pacific(T.orientalis) bluefin tuna, live",Imports,Tonnes - net product weight,Tonnes - net product weight,0,0,0,0,0,0,0,0,0,0,0,0,0,0,0,0,0,0,0,0,0,0,0,0,0,0,0,0,0,0,0,0,0,0,0
China,"Atlantic(Thunnus thynnus)and Pacific(Thunnus orientalis)bluefin tuna, fresh or chilled",Imports,Tonnes - net product weight,Tonnes - net product weight,0,0,0,0,0,0,0,0,0,0,0,0,0,0,0,0,0,0,0,0,0,4,5,2,1,2,13,34,43,73,115,159,220,363,475.25
China,"Atlantic(Thunnus thynnus)and Pacific(Thunnus orientalis)bluefin tuna, frozen",Imports,Tonnes - net product weight,Tonnes - net product weight,0,0,0,0,0,0,0,0,0,0,0,0,0,0,0,0,0,0,0,21,1,9,11,81,68,29,13,35,21,31,25,21,67,85,96.05
China,"Bigeye tuna, fresh or chilled",Imports,Tonnes - net product weight,Tonnes - net product weight,0,0,0,0,0,0,0,0,0,0,0,0,0,0,0,0,0,0,0,0,2,1,1,8,17,28,6,0,0,0,2,1,7,0,0.14
China,"Bigeye tuna, frozen, nei",Imports,Tonnes - net product weight,Tonnes - net product weight,0,0,0,0,0,0,0,0,0,0,0,0,0,0,0,0,0,0,0,955,2028,2107,2272,3827,534,164,145,297,254,246,820,589,1325,881,781.15
China,"Blue whitings (Micromesistius poutassou, Micromesistius australis), fresh or chilled",Imports,Tonnes - net product weight,Tonnes - net product weight,0,0,0,0,0,0,0,0,0,0,0,0,0,0,0,0,0,0,0,0,0,0,0,0,0,0,0,0,100,0,0,0,0,0,0
China,"Blue whitings (Micromesistius poutassou, Micromesistius australis), frozen",Imports,Tonnes - net product weight,Tonnes - net product weight,0,0,0,0,0,0,0,0,0,0,0,0,0,0,0,0,0,0,0,0,0,0,0,0,0,0,0,62281,45773,84056,50121,43700,56205,54125,52647.45
China,Carps live,Imports,Tonnes - net product weight,Tonnes - net product weight,0,0,0,0,0,0,0,0,2,0,1,1,0,4,0,0,0,0,0,0,0,0,0,0,0,0,0,0,0,0,0,0,0,0,0
China,"Carps, eels and snakeheads, fillets, fresh or chilled",Imports,Tonnes - net product weight,Tonnes - net product weight,0,0,0,0,0,0,0,0,0,0,0,0,0,0,0,0,0,0,0,0,0,0,0,0,0,0,0,0,0,0,0,0,0,24,17.95
China,"Carps, eels and snakeheads, fillets, frozen",Imports,Tonnes - net product weight,Tonnes - net product weight,0,0,0,0,0,0,0,0,0,0,0,0,0,0,0,0,0,0,0,0,0,0,0,0,0,0,0,110,12,28,64,95,51,45,56.22
China,"Carps, fresh or chilled",Imports,Tonnes - net product weight,Tonnes - net product weight,0,0,0,0,0,0,0,0,0,0,0,0,0,0,0,0,0,0,0,0,0,0,0,0,0,0,0,0,0,1,0,12,0,0,0.92
China,"Carps, frozen",Imports,Tonnes - net product weight,Tonnes - net product weight,0,0,0,0,0,0,0,0,0,0,0,0,0,0,0,0,0,0,0,0,0,0,0,0,0,0,0,108,342,454,544,2343,513,473,395.45
China,"Catfish fillets, fresh or chilled",Imports,Tonnes - net product weight,Tonnes - net product weight,0,0,0,0,0,0,0,0,0,0,0,0,0,0,0,0,0,0,0,0,0,0,0,0,0,0,0,3,0,0,0,0,0,0,0
China,"Catfish fillets, frozen",Imports,Tonnes - net product weight,Tonnes - net product weight,0,0,0,0,0,0,0,0,0,0,0,0,0,0,0,0,0,0,0,0,0,0,18,18,45,20,28,3800,7779,8077,13699,25697,40032,97539,209065.28
China,"Catfish, fresh or chilled",Imports,Tonnes - net product weight,Tonnes - net product weight,0,0,0,0,0,0,0,0,0,0,0,0,0,0,0,0,0,0,0,0,0,0,0,0,0,0,0,0,0,0,0,24,88,185,33.12
China,"Catfish, frozen",Imports,Tonnes - net product weight,Tonnes - net product weight,0,0,0,0,0,0,0,0,0,0,0,0,0,0,0,0,0,0,0,0,0,0,0,0,0,0,0,702,1220,912,3246,7817,13445,23908,32984.07
China,Caviar,Imports,Tonnes - net product weight,Tonnes - net product weight,0,0,0,0,0,0,0,0,0,0,0,0,0,0,0,0,0,0,0,0,0,0,0,0,0,0,0,0,0,0,0,0,0,0,0.13
China,Caviar and caviar substitutes,Imports,Tonnes - net product weight,Tonnes - net product weight,0,0,0,0,0,0,0,2,2,1,0,0,19,1,0,1,1,0,10,1,1,5,44,37,6,7,4,0,0,0,0,0,0,0,0
China,Caviar substitutes,Imports,Tonnes - net product weight,Tonnes - net product weight,0,0,0,0,0,0,0,0,0,0,0,0,0,0,0,0,0,0,0,0,0,0,0,0,0,0,0,6,8,15,18,24,25,18,81.16
China,"Clams, cockles, arkshells nei, dried, salted or in brine, smoked",Imports,Tonnes - net product weight,Tonnes - net product weight,0,0,0,0,0,0,0,0,0,0,0,0,0,0,0,0,0,0,0,0,0,0,0,0,0,0,0,0,0,0,0,0,264,0,0
China,"Clams, cockles, arkshells, etc., prep. or pres., nei",Imports,Tonnes - net product weight,Tonnes - net product weight,0,0,0,0,0,0,0,0,0,0,0,0,0,0,0,0,0,0,0,0,0,0,0,0,0,0,0,0,0,16,0,0,0,0,0.41
China,"Clams, cockles, arkshells, frozen",Imports,Tonnes - net product weight,Tonnes - net product weight,0,0,0,0,0,0,0,0,0,0,0,0,0,0,0,0,0,0,0,0,0,0,0,0,0,0,0,0,0,0,0,0,2557,4536,5923.37
China,"Clams, cockles, arkshells, live, fresh or chilled",Imports,Tonnes - net product weight,Tonnes - net product weight,0,0,0,0,0,0,0,0,0,0,0,0,0,0,0,0,0,0,0,0,0,0,0,0,0,0,0,2479,6529,4778,1103,1607,3188,6870,6462.49
China,"Clams, cockles, arkshells, other than live, fresh or chilled",Imports,Tonnes - net product weight,Tonnes - net product weight,0,0,0,0,0,0,0,0,0,0,0,0,0,0,0,0,0,0,0,0,0,0,0,0,0,0,0,1012,1043,1489,1996,3123,0,0,0
China,"Clams, prep. or pres., whether or not in airtight containers",Imports,Tonnes - net product weight,Tonnes - net product weight,0,0,0,0,0,0,0,0,0,0,0,0,0,0,0,0,0,0,0,0,0,3,1,92,145,33,28,168,20,20,38,222,492,65,206.94
China,"Clams, shucked or not, live, fresh or chilled",Imports,Tonnes - net product weight,Tonnes - net product weight,0,0,0,0,0,0,0,0,0,0,0,0,0,0,0,0,0,0,0,0,0,531,1593,581,1537,3534,3906,1814,382,1121,1898,1951,938,1381,363.31
China,"Clams, shucked or not, other than live, fresh or chilled",Imports,Tonnes - net product weight,Tonnes - net product weight,0,0,0,0,0,0,0,0,0,0,0,0,0,0,0,0,0,0,0,0,0,1404,342,463,312,18,73,237,101,90,43,49,0,0,0
China,"Cobia, frozen",Imports,Tonnes - net product weight,Tonnes - net product weight,0,0,0,0,0,0,0,0,0,0,0,0,0,0,0,0,0,0,0,0,0,0,0,0,0,0,0,0,0,0,0,6,0,0,0
China,"Cod nei, fillets, frozen",Imports,Tonnes - net product weight,Tonnes - net product weight,0,0,0,0,0,0,0,0,0,0,0,0,0,0,0,0,0,0,0,0,0,0,0,0,0,0,0,763,505,242,180,462,731,310,316.62
China,"Cods nei, dried,  whether or not salted",Imports,Tonnes - net product weight,Tonnes - net product weight,0,0,0,17,10,16,2,91,441,1746,561,94,10,13,36,104,54,27,71,241,200,563,443,337,299,395,389,258,227,182,214,94,70,76,107.64
China,"Cods nei, frozen",Imports,Tonnes - net product weight,Tonnes - net product weight,0,0,0,0,0,0,0,121245,174117,229869,216151,181520,181800,376575,314014,392083,441707,457948,461788,584398,670100,591091,489987,350605,151873,150130,178106,155064,180465,199418,179239,200514,206261,190035,174391.65
China,"Cods nei, salted or in brine",Imports,Tonnes - net product weight,Tonnes - net product weight,0,0,0,0,0,0,0,0,11,0,0,0,20,0,0,7,0,0,86,928,426,575,414,326,201,67,2,35,1,7,11,150,192,0,22.38
China,"Cods, fresh or chilled, nei",Imports,Tonnes - net product weight,Tonnes - net product weight,0,0,0,0,0,0,0,8540,5662,3517,7207,2598,1467,571,19,300,154,1707,1005,643,53,3,1,1,0,2,1,0,0,1,7,133,181,3,2.46
China,"Cold-water shrimps and prawns (Pandalus spp., Crangon crangon), frozen, even smoked, whether in shell or not",Imports,Tonnes - net product weight,Tonnes - net product weight,0,0,0,0,0,0,0,0,0,0,0,0,0,0,0,0,0,0,0,0,0,0,0,0,0,0,0,2524,6304,8051,5157,5850,2120,6594,1964.32
China,"Cold-water shrimps and prawns (Pandalus spp., Crangon crangon), live, fresh or chilled",Imports,Tonnes - net product weight,Tonnes - net product weight,0,0,0,0,0,0,0,0,0,0,0,0,0,0,0,0,0,0,0,0,0,0,0,0,0,0,0,0,0,0,0,0,12,18,22.44
China,"Cold-water shrimps and prawns (Pandalus spp., Crangon crangon), not frozen",Imports,Tonnes - net product weight,Tonnes - net product weight,0,0,0,0,0,0,0,0,0,0,0,0,0,0,0,0,0,0,0,0,0,0,0,0,0,0,0,104,0,7,15,11,0,0,0
China,"Cold-water shrimps and prawns Pandalus spp, in shell or not, live, fresh or chilled",Imports,Tonnes - net product weight,Tonnes - net product weight,0,0,0,0,0,0,0,0,0,0,0,0,0,0,0,0,0,0,0,0,0,0,0,0,0,0,0,0,0,0,1,0,0,0,0
China,"Common sole (Solea Solea), fresh or chilled",Imports,Tonnes - net product weight,Tonnes - net product weight,0,0,0,0,0,0,0,0,0,0,0,0,0,0,0,0,0,0,0,0,0,0,0,0,0,0,0,3,1,0,0,0,0,0,1.1
China,"Common sole (Solea Solea), frozen",Imports,Tonnes - net product weight,Tonnes - net product weight,0,0,0,0,0,0,0,431,35,149,578,2568,471,109,468,1010,911,1616,1582,1992,1726,3201,4730,7424,6931,5551,5003,2180,3736,3723,1907,839,1620,2042,2740.49
China,"Crab meat nei, prepared or preserved",Imports,Tonnes - net product weight,Tonnes - net product weight,0,0,0,0,0,0,0,68,34,178,157,195,372,339,149,17,8,549,2550,2242,1368,1989,3319,2516,734,2024,2396,401,504,191,861,1748,1823,1098,940.75
China,"Crabs nei, frozen",Imports,Tonnes - net product weight,Tonnes - net product weight,0,0,0,0,0,0,1516,9228,8296,8195,8712,10893,8284,13435,16810,17105,13856,17028,18574,22297,26237,32303,32559,31989,26774,24189,22689,31029,24031,22619,20706,24654,28217,22436,16964.12
China,"Crabs, dried, salted or in brine, smoked, nei",Imports,Tonnes - net product weight,Tonnes - net product weight,0,0,0,0,0,0,0,0,0,0,0,0,0,0,0,0,0,0,0,0,0,0,0,0,0,0,0,0,0,0,0,0,6,0,0
China,"Crabs, live",Imports,Tonnes - net product weight,Tonnes - net product weight,0,0,1,0,15,8,13,14,17,30,0,0,0,0,0,0,0,1,0,0,1,0,0,0,0,0,0,0,0,0,2,1,0,0,0
China,"Crabs, not frozen",Imports,Tonnes - net product weight,Tonnes - net product weight,0,0,5,5,37,44,0,36,42,1024,441,333,47,334,582,945,2458,5901,12464,12428,4810,3357,5277,9092,16095,23905,30653,29917,33224,33195,31434,39066,0,0,0
China,"Crabs, peeled or not, live, fresh or chilled, nei",Imports,Tonnes - net product weight,Tonnes - net product weight,0,0,0,0,0,0,0,0,0,0,0,0,0,0,0,0,0,0,0,0,0,0,0,0,0,0,0,0,0,0,0,0,46174,58349,55977.88
China,"Crayfish (freshwater), live, fresh or chilled",Imports,Tonnes - net product weight,Tonnes - net product weight,0,0,0,0,0,0,0,0,0,0,0,0,1,1,107,41,0,6,0,176,0,0,23,3,0,212,0,0,0,0,0,19,248,8,0
China,"Crayfish (freshwater), prepared or preserved",Imports,Tonnes - net product weight,Tonnes - net product weight,0,0,0,0,0,0,0,0,0,0,0,0,0,13,10,23,0,4,459,435,374,631,104,88,0,101,94,3,169,34,126,189,1202,2386,1095.53
China,"Croakers, fresh or chilled",Imports,Tonnes - net product weight,Tonnes - net product weight,0,0,0,0,0,0,0,0,0,0,0,0,0,0,0,0,25,0,0,0,0,0,0,0,0,1,0,0,0,0,11,27,5,17,35.97
China,"Croakers, frozen",Imports,Tonnes - net product weight,Tonnes - net product weight,0,0,0,0,0,0,0,0,0,0,0,0,0,0,0,1475,627,916,770,3360,3875,3661,3832,6761,3710,3832,5143,1207,866,676,457,352,325,1084,5268.52
China,"Crustacean and mollusc preparations, not in airtight containers",Imports,Tonnes - net product weight,Tonnes - net product weight,0,0,2,9,13,51,101,0,0,0,0,0,0,0,0,0,0,0,0,0,0,0,0,0,0,0,0,0,0,0,0,0,0,0,0
China,"Crustacean meal, nei",Imports,Tonnes - net product weight,Tonnes - net product weight,0,0,168,2874,733,404,1544,1716,3037,5396,0,2003,3221,3847,3027,3539,2294,2373,2592,4801,2267,4060,3479,2678,2463,4127,2385,3472,4660,3128,5149,5368,7682,6079,5329.58
China,"Crustaceans and molluscs, nei, frozen",Imports,Tonnes - net product weight,Tonnes - net product weight,0,0,890,705,641,409,1332,0,0,0,0,0,0,0,0,0,0,0,0,0,0,0,0,0,0,0,0,0,0,0,0,0,0,0,0
China,"Crustaceans and molluscs, prepared or preserved, nei",Imports,Tonnes - net product weight,Tonnes - net product weight,0,0,13,26,42,34,114,0,0,0,0,0,0,0,0,0,0,0,0,0,0,0,0,0,0,0,0,0,0,0,0,0,0,0,0
China,"Crustaceans live, for breeding and other purposes, nei",Imports,Tonnes - net product weight,Tonnes - net product weight,0,0,0,0,0,0,0,1,4,14,0,37,6,22,0,10,0,0,0,0,0,0,0,0,0,0,0,0,1,0,0,3,3,2,0.65
China,"Crustaceans nei, dried, salted or in brine, smoked",Imports,Tonnes - net product weight,Tonnes - net product weight,0,0,0,0,0,0,0,0,0,0,0,0,0,0,0,0,0,0,0,0,0,0,0,0,0,0,0,0,0,0,0,0,3,26,4.25
China,"Crustaceans nei, even smoked, frozen",Imports,Tonnes - net product weight,Tonnes - net product weight,0,0,55,27,103,83,264,74,535,1008,223,403,41,6,213,17,18,45,112,77,77,230,269,259,4,48,235,279,97,104,360,498,567,693,672.3
China,"Crustaceans nei, prepared or preserved",Imports,Tonnes - net product weight,Tonnes - net product weight,0,0,0,0,0,0,0,206,67,210,57,69,54,26,23,50,55,92,28,34,201,3,3,4,10,3,6,2,1,0,2,1,105,28,0
China,"Crustaceans, live, fresh, chilled or boiled in water, nei",Imports,Tonnes - net product weight,Tonnes - net product weight,0,0,0,0,0,0,0,0,0,0,0,0,0,0,0,0,0,0,0,0,0,0,0,0,0,0,0,0,0,0,0,0,2015,1577,1879.57
China,"Cuttlefish and squid, other than live, fresh or chilled",Imports,Tonnes - net product weight,Tonnes - net product weight,2300,2500,2706,4204,7726,9935,11199,19135,55435,28532,39843,50011,39540,37950,91656,222384,185755,190857,118429,189355,180247,272514,343384,369466,250435,250903,299094,272604,295019,331324,277036,135381,0,0,0
China,"Cuttlefish and squid, prepared or preserved",Imports,Tonnes - net product weight,Tonnes - net product weight,0,0,0,0,0,0,0,0,0,0,0,0,0,0,0,0,0,0,0,0,0,0,0,0,0,0,0,66169,58657,76606,46912,7329,24428,25238,29566.55
China,"Cuttlefishes and squids, dried, salted or in brine, smoked nei",Imports,Tonnes - net product weight,Tonnes - net product weight,0,0,0,0,0,0,0,0,0,0,0,0,0,0,0,0,0,0,0,0,0,0,0,0,0,0,0,0,0,0,0,0,5014,39,1316.92
China,"Cuttlefishes and squids, frozen, nei",Imports,Tonnes - net product weight,Tonnes - net product weight,0,0,0,0,0,0,0,0,0,0,0,0,0,0,0,0,0,0,0,0,0,0,0,0,0,0,0,0,0,0,0,0,255636,201791,353397.72
China,"Cuttlefishes and squids, live, fresh or chilled, nei",Imports,Tonnes - net product weight,Tonnes - net product weight,0,0,0,0,0,0,0,2499,7040,1468,7990,2227,1150,4271,2700,4788,3175,3737,2858,7391,3189,760,668,80,735,508,29,130,279,367,110,29,54,45,214.14
China,"Dogfish (Squalidae) and other sharks, meat, frozen",Imports,Tonnes - net product weight,Tonnes - net product weight,0,0,0,0,0,0,0,0,0,0,0,0,0,0,0,0,0,0,0,0,0,0,0,0,0,0,0,0,0,0,0,0,43,43,69.67
China,"Dogfish and other sharks nei (excl. Squalus acanthias, Scyliorhinus spp., Lamna nasus, Prionace glauca), frozen",Imports,Tonnes - net product weight,Tonnes - net product weight,0,0,0,0,0,0,0,172,536,547,771,455,363,243,1004,3603,2382,4603,3614,4631,5256,4830,5575,6725,5666,4537,4335,3668,2481,3228,3362,3290,2718,4858,5314.57
China,"Dogfish, other sharks, rays and skates (Rajidae), fillets, frozen",Imports,Tonnes - net product weight,Tonnes - net product weight,0,0,0,0,0,0,0,0,0,0,0,0,0,0,0,0,0,0,0,0,0,0,0,0,0,0,0,0,0,0,0,0,2,0,53.49
China,Eels and elvers live,Imports,Tonnes - net product weight,Tonnes - net product weight,0,0,0,0,0,160,230,72,142,61,216,122,10,64,12,21,49,54,35,129,181,213,203,189,207,229,231,90,199,246,310,164,141,215,396.13
China,"Eels, fresh or chilled",Imports,Tonnes - net product weight,Tonnes - net product weight,0,0,0,0,0,0,0,1,9,264,393,0,0,0,0,1,0,0,0,0,0,0,10,0,0,0,0,0,0,0,0,1,3,0,0
China,"Eels, frozen",Imports,Tonnes - net product weight,Tonnes - net product weight,0,0,0,0,0,0,0,15,292,315,643,630,37,79,92,2329,1851,1254,664,1377,5464,7151,10619,10028,9119,5430,3498,2933,922,420,712,242,1072,2814,3046
China,"Fish body oils, nei",Imports,Tonnes - net product weight,Tonnes - net product weight,0,0,225,280,138,428,784,1491,3367,2350,6660,10366,1539,4851,2494,24836,3613,3744,9252,16698,15321,30147,30563,36308,53358,68972,51636,43592,65541,45968,48681,33797,54700,55125,61630.09
China,"Fish dried, whether or not salted, nei",Imports,Tonnes - net product weight,Tonnes - net product weight,0,0,0,0,0,0,0,6391,5405,6745,8932,2425,1630,1379,1990,2444,2460,5217,5508,1442,1303,1271,2034,3080,1977,781,666,593,550,754,935,3101,16927,15362,24087.45
China,"Fish fillets, dried, salted or in brine, nei",Imports,Tonnes - net product weight,Tonnes - net product weight,0,0,0,0,0,0,0,8,14,23,4,21,3,20,7,15,52,84,182,288,672,1060,1854,254,232,57,119,86,296,6,23,10,42,17,68.72
China,"Fish fillets, fresh or chilled, nei",Imports,Tonnes - net product weight,Tonnes - net product weight,0,0,1,120,125,23,55,73,323,246,36,270,0,83,892,689,1754,739,948,651,456,161,283,624,104,109,31,2,0,3,7,6,13,15,18.41
China,"Fish fillets, frozen, nei",Imports,Tonnes - net product weight,Tonnes - net product weight,0,0,73,147,2,3,32,677,388,2071,1532,634,1385,2711,2900,5299,11567,5515,5502,9124,9677,11575,8722,7908,13622,11729,7244,1523,1781,2708,1326,1409,1163,1268,1623.88
China,"Fish for culture incl. ova, fingerlings etc.",Imports,Tonnes - net product weight,Tonnes - net product weight,0,0,27,43,30,30,68,63,117,83,0,176,218,180,264,175,80,133,67,55,54,37,51,43,16,29,15,20,15,18,25,30,30,95,187.72
China,"Fish heads, tail, maws etc., smoked, dried, salted, or in brine",Imports,Tonnes - net product weight,Tonnes - net product weight,0,0,111,259,262,293,477,0,0,0,0,0,0,0,0,0,0,0,0,0,0,0,0,0,0,0,0,221,127,88,67,34,92,392,952.83
China,"Fish heads, tails, maws, tongues, nei frozen",Imports,Tonnes - net product weight,Tonnes - net product weight,0,0,0,0,0,0,0,0,0,0,0,0,0,0,0,0,0,0,0,0,0,0,0,0,0,0,0,0,0,0,0,0,6885,27875,43294.43
China,"Fish live, nei",Imports,Tonnes - net product weight,Tonnes - net product weight,0,0,3,1,451,43,428,83,184,272,199,202,106,139,401,888,1770,1389,759,785,1249,1948,2955,6109,7707,10088,6516,10928,16178,14986,12587,13813,15510,21642,25257.4
China,"Fish liver oils, nei",Imports,Tonnes - net product weight,Tonnes - net product weight,0,0,5,2,190,154,174,466,119,186,104,250,176,189,103,528,134,170,290,42,46,43,141,173,165,440,613,828,594,425,637,442,790,761,684.22
China,"Fish meat, whether or not minced nei, fresh or chilled",Imports,Tonnes - net product weight,Tonnes - net product weight,0,0,0,0,0,0,0,0,0,0,0,0,0,0,0,0,0,0,0,0,0,0,0,0,0,0,0,7,0,7,11,7,5,54,22.12
China,"Fish meat, whether or not minced, frozen, nei",Imports,Tonnes - net product weight,Tonnes - net product weight,0,0,0,0,0,0,0,480,1330,4774,1017,2216,4579,5823,5254,9063,11679,6542,12419,15944,12459,10414,8180,8454,16654,12953,16706,21120,26617,30590,25899,21811,27166,33311,44649.5
China,"Fish minced nei, in airtight containers prepared or preserved",Imports,Tonnes - net product weight,Tonnes - net product weight,0,0,0,0,0,0,0,0,0,0,0,0,0,0,0,68,141,219,207,198,232,197,193,240,98,123,110,242,310,119,301,316,356,352,338.56
China,"Fish minced nei, prepared or preserved",Imports,Tonnes - net product weight,Tonnes - net product weight,0,0,44,191,90,132,244,191,248,138,122,292,1921,659,215,194,209,302,343,421,467,565,938,3748,1219,1532,1968,3482,6829,9234,10445,12408,14687,19751,24338.47
China,"Fish nei, prepared or preserved, not minced",Imports,Tonnes - net product weight,Tonnes - net product weight,0,0,22,161,473,51,114,128,1360,2289,1775,1208,99,946,101,201,428,265,185,246,568,1158,2033,235,192,251,180,178,176,173,163,246,342,162,1625.44
China,"Fish nei, salted or in brine",Imports,Tonnes - net product weight,Tonnes - net product weight,9000,11000,12428,7345,7006,6545,4260,951,1013,1451,1114,852,251,311,632,404,999,8149,2787,162,187,332,720,3436,3199,2148,215,567,214,106,424,318,47,3,330.13
China,"Fish nei, smoked",Imports,Tonnes - net product weight,Tonnes - net product weight,0,0,20,34,22,19,41,9,18,35,26,16,18,197,392,371,114,49,88,29,75,100,65,88,119,174,138,58,72,114,88,53,75,63,32.74
China,"Fish, fresh or chilled, nei",Imports,Tonnes - net product weight,Tonnes - net product weight,0,0,28,581,30342,6883,3651,8607,7938,11174,7813,9503,3570,6767,2620,2101,1555,2435,7354,36817,14038,120,417,1509,1564,2451,887,1501,3280,3752,5089,6009,5542,7160,9987.56
China,"Fish, frozen, nei",Imports,Tonnes - net product weight,Tonnes - net product weight,43000,47000,48900,98769,128101,114543,121270,128893,159409,181042,205919,102594,100637,92437,59682,171071,183250,196655,219254,202713,246785,388535,612728,755459,897324,1064216,1037271,218498,240208,246305,229504,251527,187235,254366,349472.01
China,"Fishmeal fit for human consumption, nei",Imports,Tonnes - net product weight,Tonnes - net product weight,10000,12000,14371,1267,5404,41,603,4806,15548,3664,2637,1959,44,150,83,59,132,29,16,16,15,108,26,89,61,95,123,52,71,30,21,21,14,15,15.36
China,"Fishmeals, nei",Imports,Tonnes - net product weight,Tonnes - net product weight,191262,201447,220512,453961,471577,223500,632747,637830,431161,663396,693321,882476,985234,416188,631271,1185713,901836,958151,800250,1123082,1580480,979151,966353,1348676,1308065,1038250,1210063,1245890,975955,1038516,1025369,1036995,1571569,1460251,1418724.98
China,"Flatfish nei, fillets, fresh or chilled",Imports,Tonnes - net product weight,Tonnes - net product weight,0,0,0,0,0,0,0,0,0,0,0,0,0,0,0,0,0,0,0,0,0,0,0,0,0,0,0,0,0,0,0,0,0,0,0.02
China,"Flatfish nei, fillets, frozen",Imports,Tonnes - net product weight,Tonnes - net product weight,0,0,0,0,0,0,0,0,0,0,0,0,0,0,0,0,0,0,0,0,0,0,0,0,0,0,0,37,51,13,96,499,315,145,154.54
China,"Flatfish nei, frozen",Imports,Tonnes - net product weight,Tonnes - net product weight,0,0,0,0,0,0,0,6587,5780,3629,465,383,166,526,240,1429,3654,5251,6283,11665,8822,5685,7448,6956,6713,6159,6375,80666,152108,156089,128069,135228,146033,157075,148476.48
China,"Flatfish, fresh or chilled, nei",Imports,Tonnes - net product weight,Tonnes - net product weight,0,0,0,0,0,0,0,199,584,55,36,55,1,6,2,161,114,11,62,1,21,53,50,1,0,2,0,0,35,0,14,11,362,457,1053.52
China,"Freshwater fish nei, live",Imports,Tonnes - net product weight,Tonnes - net product weight,0,0,0,0,0,0,0,0,0,0,0,0,0,0,0,0,0,0,0,0,0,2,3,0,0,1,0,0,0,0,0,0,0,0,0
China,"Gadiformes excl. Alaska pollock, meat, whether or not minced, frozen",Imports,Tonnes - net product weight,Tonnes - net product weight,0,0,0,0,0,0,0,0,0,0,0,0,0,0,0,0,0,0,0,0,0,0,0,0,0,0,0,2936,4238,3778,2458,4694,5148,7931,8947.9
China,"Gadiformes fillets, fresh or chilled, nei",Imports,Tonnes - net product weight,Tonnes - net product weight,0,0,0,0,0,0,0,0,0,0,0,0,0,0,0,0,0,0,0,0,0,0,0,0,0,0,0,0,0,0,0,0,0,5,10.65
China,"Gadiformes fillets, frozen, nei",Imports,Tonnes - net product weight,Tonnes - net product weight,0,0,0,0,0,0,0,0,0,0,0,0,0,0,0,0,0,0,0,0,0,0,0,0,0,0,0,680,130,197,499,95,139,315,2656.34
China,"Gadiformes nei, frozen",Imports,Tonnes - net product weight,Tonnes - net product weight,0,0,0,0,0,0,0,0,0,0,0,0,0,0,0,0,0,0,0,0,0,0,0,0,0,0,0,32544,27059,30837,31445,29563,31269,26979,27250.22
China,"Gadiformes, dried, whether or not salted, but not smoked",Imports,Tonnes - net product weight,Tonnes - net product weight,0,0,0,0,0,0,0,0,0,0,0,0,0,0,0,0,0,0,0,0,0,0,0,0,0,0,0,0,0,0,0,0,0,23,0
China,"Gadiformes, fillets, dried, salted or in brine, not smoked",Imports,Tonnes - net product weight,Tonnes - net product weight,0,0,0,0,0,0,0,0,0,0,0,0,0,0,0,0,0,0,0,0,0,0,0,0,0,0,0,246,279,57,88,73,56,21,13
China,"Gadiformes, fresh or chilled, nei",Imports,Tonnes - net product weight,Tonnes - net product weight,0,0,0,0,0,0,0,0,0,0,0,0,0,0,0,0,0,0,0,0,0,0,0,0,0,0,0,0,0,0,4,0,0,0,0.01
China,"Gadiformes, meat, fresh or chilled, nei",Imports,Tonnes - net product weight,Tonnes - net product weight,0,0,0,0,0,0,0,0,0,0,0,0,0,0,0,0,0,0,0,0,0,0,0,0,0,0,0,1,0,0,0,0,0,0,0
China,"Greenland halibut, frozen",Imports,Tonnes - net product weight,Tonnes - net product weight,0,0,0,0,0,0,0,0,0,0,0,0,0,0,0,0,0,0,0,0,9729,10319,18689,16138,21504,23376,25171,25410,33526,22675,19462,13589,18593,49488,65667.83
China,"Haddock fillets, frozen",Imports,Tonnes - net product weight,Tonnes - net product weight,0,0,0,0,0,0,0,0,0,0,0,0,0,0,0,0,0,0,0,0,0,0,0,0,0,0,0,0,19,4,16,53,256,84,60.58
China,"Haddock, fresh or chilled",Imports,Tonnes - net product weight,Tonnes - net product weight,0,0,0,0,0,0,0,17,142,0,33,0,0,0,0,0,0,0,0,0,0,0,0,0,0,0,0,0,0,0,0,0,0,0,0.08
China,"Haddock, frozen",Imports,Tonnes - net product weight,Tonnes - net product weight,0,0,0,0,0,0,0,24654,15372,3411,3799,173,168,633,620,2531,5966,11378,15251,17589,25817,37188,42984,35960,45505,55599,61543,50009,41738,42492,33926,49330,48594,48097,41919.9
China,"Hairtails, fresh or chilled",Imports,Tonnes - net product weight,Tonnes - net product weight,0,0,0,0,0,0,0,0,0,0,0,0,0,0,0,173,178,210,66,0,27,28,1,1,6,12,1,46,1215,5663,10354,8533,9349,14703,16644.66
China,"Hairtails, frozen",Imports,Tonnes - net product weight,Tonnes - net product weight,0,0,0,0,0,0,0,0,0,0,0,0,0,0,0,122725,90689,76834,55700,80069,107522,152396,158042,137965,91337,100154,97375,62148,59744,60792,42013,29866,25073,58522,113445.95
China,"Hake nei fillets, frozen",Imports,Tonnes - net product weight,Tonnes - net product weight,0,0,0,0,0,0,0,0,0,0,0,0,0,0,0,0,0,0,0,0,0,0,0,0,0,0,0,19,11,62,92,239,71,20,134.54
China,"Hake nei, fresh or chilled",Imports,Tonnes - net product weight,Tonnes - net product weight,0,0,0,0,0,0,0,0,0,0,0,0,0,0,0,0,0,0,0,0,0,0,0,0,0,0,0,0,0,0,0,0,0,0,0
China,"Hakes nei, frozen",Imports,Tonnes - net product weight,Tonnes - net product weight,0,0,0,0,0,0,0,1267,441,10,287,208,0,128,3,159,1874,940,1972,4888,3579,7690,14535,17177,14792,7435,10842,9806,13671,22146,14333,20218,28272,17733,23849.15
China,"Halibuts nei, frozen",Imports,Tonnes - net product weight,Tonnes - net product weight,0,0,0,0,0,0,0,0,658,789,229,216,1183,0,72,893,2168,7356,10618,14214,4591,2885,2672,3268,1018,801,1208,1573,1517,2754,6360,7958,2360,3230,1943.33
China,"Halibuts, fresh or chilled, nei",Imports,Tonnes - net product weight,Tonnes - net product weight,0,0,0,0,0,0,0,0,0,0,0,0,0,0,0,0,0,0,0,0,0,0,0,0,0,0,0,2,4,0,0,0,0,0,0.17
China,"Herring nei, fillets, frozen",Imports,Tonnes - net product weight,Tonnes - net product weight,0,0,0,0,0,0,0,0,0,0,0,0,0,0,0,0,0,0,0,0,0,0,0,0,0,0,0,26,52,28,25,118,154,156,238.58
China,"Herring roes, cured",Imports,Tonnes - net product weight,Tonnes - net product weight,0,0,0,0,0,0,0,0,0,0,0,0,0,0,0,0,0,0,0,0,0,0,0,0,0,0,0,0,0,0,0,0,0,0,0
China,"Herring, salted or in brine",Imports,Tonnes - net product weight,Tonnes - net product weight,0,0,0,0,0,0,0,63,1,0,164,1,0,0,1,1,1,1,1,1,0,0,0,0,0,1,0,0,0,0,3,0,0,0,0
China,"Herring,achovy,sardine,sardinella,brisling/sprat,mackerel,Indian mackerel,seerfish,jack&horse mackerel,jack,crevalle,cobia,silver pomfret,Pacif.saury,scad,capelin,etc,dried,salted or not,not smoked",Imports,Tonnes - net product weight,Tonnes - net product weight,0,0,0,0,0,0,0,0,0,0,0,0,0,0,0,0,0,0,0,0,0,0,0,0,0,0,0,0,0,0,0,0,0,2550,10530
China,"Herrings nei, frozen",Imports,Tonnes - net product weight,Tonnes - net product weight,0,0,0,0,0,0,0,3074,851,1358,14087,11517,13766,7747,7335,39146,51138,37881,65356,95105,67291,66196,56255,63847,62511,106039,156138,177452,198852,168454,110234,104326,186857,164317,176414.3
China,"Herrings nei, smoked",Imports,Tonnes - net product weight,Tonnes - net product weight,0,0,0,0,0,0,0,114,0,0,0,0,0,0,0,0,1,0,0,0,0,45,0,0,0,0,0,0,0,0,0,0,0,0,0
China,"Herrings prepared or preserved, not minced, nei",Imports,Tonnes - net product weight,Tonnes - net product weight,0,0,0,0,0,0,0,0,0,0,0,0,0,0,2,2,6,10,2,15,28,23,46,47,27,33,16,11,10,20,38,122,10,14,6.51
China,"Herrings, fresh or chilled, nei",Imports,Tonnes - net product weight,Tonnes - net product weight,0,0,0,0,0,0,0,1,0,16,0,0,1,0,381,1,0,1,1,3,8,0,0,0,2,0,0,1,0,0,4,74,118,210,305.24
China,"Indian mackerels, seerfishes, jacks, crevalles, silver pomfrets, Pacific saury, scads, capelin, Kawakawa, bonitos, marlins, sailfishes, spearfish, fresh or chilled",Imports,Tonnes - net product weight,Tonnes - net product weight,0,0,0,0,0,0,0,0,0,0,0,0,0,0,0,0,0,0,0,0,0,0,0,0,0,0,0,0,0,0,0,0,289,504,767.75
China,"Jack and horse mackerel, frozen",Imports,Tonnes - net product weight,Tonnes - net product weight,0,0,0,0,0,0,0,0,0,0,0,0,0,0,0,0,0,0,0,0,0,0,0,0,0,0,0,21670,19954,24515,26055,12626,16613,16390,19962.95
China,"Jack and horse mackerels, fresh or chilled",Imports,Tonnes - net product weight,Tonnes - net product weight,0,0,0,0,0,0,0,0,0,0,0,0,0,0,0,0,0,0,0,0,0,0,0,0,0,0,0,22,39,39,42,39,149,78,76.64
China,Jellyfish preparations,Imports,Tonnes - net product weight,Tonnes - net product weight,0,0,0,0,0,0,0,1,2,26,0,78,137,38,48,167,842,1016,3201,1968,1263,44,0,50,66,76,7,0,0,0,0,0,0,0,550.2
China,"Jellyfish, other than live, fresh or chilled",Imports,Tonnes - net product weight,Tonnes - net product weight,0,0,0,0,0,0,0,0,0,0,0,0,0,0,0,0,0,0,0,0,0,0,0,0,0,0,0,4843,2392,1802,2168,1745,3359,8996,30809.03
China,"Jellyfish, other than prepared or preserved",Imports,Tonnes - net product weight,Tonnes - net product weight,0,0,0,0,0,0,0,0,0,0,0,0,0,0,0,0,0,0,0,0,0,0,0,0,0,0,0,11,18,0,0,0,0,14,0
China,"Livers, roes, milt, dried, salted or in brine, nei",Imports,Tonnes - net product weight,Tonnes - net product weight,0,0,0,0,0,0,0,341,399,135,54,426,367,555,594,786,993,926,972,1278,1279,1650,1328,943,850,778,690,770,860,756,858,958,804,984,1043.89
China,"Livers, roes, milt, fresh or chilled, nei",Imports,Tonnes - net product weight,Tonnes - net product weight,0,0,0,0,0,0,0,332,103,51,104,146,569,1087,474,170,102,159,141,69,168,45,10,9,0,0,0,0,0,0,0,0,0,1,0
China,"Livers, roes, milt, frozen",Imports,Tonnes - net product weight,Tonnes - net product weight,0,0,0,0,0,0,0,1216,1270,3013,10214,17607,8821,10418,4610,5337,7216,10539,9047,12687,16529,18034,14008,9764,7498,8180,11920,12888,9339,10134,9515,8306,10341,10037,10556.98
China,"Lobster tails or meat, prep. or pres.",Imports,Tonnes - net product weight,Tonnes - net product weight,0,0,0,0,0,0,0,7,1,0,6,0,1,0,0,0,0,0,0,0,0,0,165,0,43,33,35,41,8,55,31,4,35,23,239.13
China,"Lobsters (Homarus spp.), dried, salted or in brine, smoked",Imports,Tonnes - net product weight,Tonnes - net product weight,0,0,0,0,0,0,0,0,0,0,0,0,0,0,0,0,0,0,0,0,0,0,0,0,0,0,0,0,0,0,0,0,32,33,0
China,"Mackerel prepared or preserved, not minced, nei",Imports,Tonnes - net product weight,Tonnes - net product weight,0,0,0,0,0,0,0,1,0,1,19,2,1,1,0,1,6,4,116,414,808,121,69,122,59,97,102,88,168,82,99,62,38,74,87.54
China,"Mackerels nei, frozen",Imports,Tonnes - net product weight,Tonnes - net product weight,0,0,0,0,0,0,0,1863,2885,12676,15785,12178,20951,14148,13812,40844,50827,42510,58478,72831,99372,101971,73271,79224,63164,91613,104183,76422,79085,124198,106548,96106,136027,124888,130156.39
China,"Mackerels, nei, fresh or chilled",Imports,Tonnes - net product weight,Tonnes - net product weight,0,0,0,0,0,0,0,0,60,827,120,26,0,0,76,42,22,48,0,0,0,0,96,0,31,0,0,2,1,3,9,10,33,41,34.81
China,"Marine mammal oils, nei",Imports,Tonnes - net product weight,Tonnes - net product weight,0,0,738,832,702,170,441,88,15,269,106,108,46,93,140,462,115,4,0,0,105,68,101,2317,17,1,75,61,0,15,1,0,1,1,0.87
China,"Meat of tilapias, catfish, carp, eels, nile perch and snakeheads, fresh or chilled",Imports,Tonnes - net product weight,Tonnes - net product weight,0,0,0,0,0,0,0,0,0,0,0,0,0,0,0,0,0,0,0,0,0,0,0,0,0,0,0,0,0,0,3,2,0,0,0
China,"Miscellaneous coastal fish, dried, whether or not salted",Imports,Tonnes - net product weight,Tonnes - net product weight,0,0,0,0,0,0,0,15,8,15,0,5,2,0,0,2,2,0,1,0,1,1,1,1,1,1,1,1,0,0,0,0,0,0,0
China,"Miscellaneous crustaceans, not frozen, nei",Imports,Tonnes - net product weight,Tonnes - net product weight,0,0,0,0,0,0,0,34,138,234,101,216,9,101,31,43,49,25,86,83,113,266,221,228,302,443,391,885,1234,1293,1278,1872,0,0,0
China,"Miscellaneous demersal fish, salted or in brine, nei",Imports,Tonnes - net product weight,Tonnes - net product weight,0,0,0,0,0,0,0,0,0,0,0,0,0,0,0,1,12,4,3,0,0,0,0,0,0,0,0,0,0,0,0,0,0,0,0
China,"Miscellaneous freshwater fish nei, salted and in brine",Imports,Tonnes - net product weight,Tonnes - net product weight,0,0,26,2,0,7,0,0,0,0,0,0,0,0,0,0,0,0,0,0,0,0,0,0,0,0,0,0,0,0,0,0,0,0,0
China,"Miscellaneous freshwater fish, prepared or preserved, not minced, nei",Imports,Tonnes - net product weight,Tonnes - net product weight,0,0,0,0,0,0,0,0,0,0,0,0,0,0,0,0,0,0,0,0,0,0,0,0,3,0,0,20,0,14,0,6,0,0,0
China,"Miscellaneous molluscs & aq. inver., other than live, fresh or chilled, nei",Imports,Tonnes - net product weight,Tonnes - net product weight,0,0,0,0,0,0,0,2094,565,897,0,747,2445,466,853,1430,5361,7483,8982,5861,8283,9577,10352,7599,3705,2822,8413,0,0,0,0,0,0,0,0
China,"Miscellaneous molluscs, other than live, fresh or chilled, nei",Imports,Tonnes - net product weight,Tonnes - net product weight,0,0,0,0,0,0,0,0,0,0,976,0,0,0,0,0,0,0,0,0,0,0,0,0,0,0,0,6571,23850,42705,82437,133955,1621,324,321.02
China,"Miscellaneous pelagic fish, salted or in brine, nei",Imports,Tonnes - net product weight,Tonnes - net product weight,0,0,0,0,0,0,0,0,0,0,0,0,0,0,0,0,0,0,0,0,0,0,0,0,0,0,0,0,0,0,0,0,0,0,0
China,"Molluscs and other aq. invertebrates, prep. or pres., nei",Imports,Tonnes - net product weight,Tonnes - net product weight,0,0,0,0,0,0,0,237,147,198,268,58,276,296,467,1411,1018,2868,1059,1199,5345,8733,10343,23801,23876,39910,52849,0,0,0,0,0,0,0,0
China,"Molluscs and other aqu. invertebrates, live, fresh or chilled, nei",Imports,Tonnes - net product weight,Tonnes - net product weight,0,0,0,0,0,0,0,3726,319,2013,0,733,1116,707,1650,508,2306,102132,53821,31806,9950,1343,1907,3164,2537,4664,8821,0,0,0,0,0,0,0,0
China,"Molluscs live, for human consumption, nei",Imports,Tonnes - net product weight,Tonnes - net product weight,0,0,3,3,2,2,47,0,0,0,0,0,0,0,0,0,0,0,0,0,0,0,0,0,0,0,0,0,0,0,0,0,0,0,0
China,"Molluscs live, spat, for breeding and other purposes, nei",Imports,Tonnes - net product weight,Tonnes - net product weight,0,0,0,0,0,0,0,20,36,7,0,74,3055,4992,3542,3930,528,278,83,2,0,1,3,3,0,1,5,3,0,0,0,2,0,0,0
China,"Molluscs nei, frozen",Imports,Tonnes - net product weight,Tonnes - net product weight,0,0,0,0,0,0,0,0,0,0,0,0,0,0,0,0,0,0,0,0,0,0,0,0,0,0,0,0,0,0,0,0,5940,10971,14775.68
China,"Molluscs nei, live, fresh or chilled",Imports,Tonnes - net product weight,Tonnes - net product weight,0,0,0,0,0,0,0,0,0,0,231,0,0,0,0,0,0,0,0,0,0,0,0,0,0,0,0,4829,5291,5282,3837,3310,5324,5953,6161.47
China,"Molluscs nei, prepared or preserved",Imports,Tonnes - net product weight,Tonnes - net product weight,0,0,0,0,0,0,0,0,0,0,0,0,0,0,0,0,0,0,0,0,0,0,0,0,0,0,0,981,1163,893,36810,17888,7389,2223,4303.79
China,"Mussel meat, prepared or preserved, nei",Imports,Tonnes - net product weight,Tonnes - net product weight,0,0,0,0,0,0,0,0,0,0,0,0,0,0,0,0,0,0,0,0,0,0,0,0,0,0,0,47,88,43,416,730,795,792,1118.79
China,"Mussels nei, frozen",Imports,Tonnes - net product weight,Tonnes - net product weight,0,0,0,0,0,0,0,0,0,0,0,0,0,0,0,0,0,0,0,0,0,0,0,0,0,0,0,0,0,0,0,0,4527,5615,3786.32
China,"Mussels, dried, salted or in brine, smoked",Imports,Tonnes - net product weight,Tonnes - net product weight,0,0,0,0,0,0,0,559,288,976,667,919,761,378,90,891,1501,1290,1706,1325,1199,1587,859,948,1108,1050,734,1238,1470,2068,2349,3251,1,4,0.7
China,"Mussels, live, fresh or chilled, nei",Imports,Tonnes - net product weight,Tonnes - net product weight,0,0,0,0,0,0,0,4,117,195,159,18,120,15,187,172,33,113,86,204,2642,12444,6354,2171,2258,898,157,16,73,483,341,212,405,646,1002.4
China,"Nile perch (Lates niloticus) and snakeheads (Channa spp.), frozen",Imports,Tonnes - net product weight,Tonnes - net product weight,0,0,0,0,0,0,0,0,0,0,0,0,0,0,0,0,0,0,0,0,0,0,0,0,0,0,0,733,602,55,169,58,6,0,10.27
China,"Nile perch and snakeheads (Channa spp.),  fresh or chilled",Imports,Tonnes - net product weight,Tonnes - net product weight,0,0,0,0,0,0,0,0,0,0,0,0,0,0,0,0,0,0,0,0,0,0,0,0,0,0,0,0,0,0,0,0,0,0,0.31
China,"Nile perch fillets, fresh or chilled",Imports,Tonnes - net product weight,Tonnes - net product weight,0,0,0,0,0,0,0,0,0,0,0,0,0,0,0,0,0,0,0,0,0,0,0,0,0,0,0,0,0,0,0,0,0,0,0
China,"Nile perch fillets, frozen",Imports,Tonnes - net product weight,Tonnes - net product weight,0,0,0,0,0,0,0,0,0,0,0,0,0,0,0,0,0,0,0,0,0,0,0,0,0,0,0,331,355,323,410,210,313,454,450.31
China,"Norway lobsters (Nephrops spp.), nei, even smoked, frozen",Imports,Tonnes - net product weight,Tonnes - net product weight,0,0,0,0,0,0,0,0,0,0,0,0,0,0,0,0,0,0,0,0,0,0,0,0,0,0,0,733,461,466,355,432,644,491,488.94
China,"Norway lobsters (Nephrops spp.), nei, live, fresh or chilled",Imports,Tonnes - net product weight,Tonnes - net product weight,0,0,0,0,0,0,0,0,0,0,0,0,0,0,0,0,0,0,0,0,0,0,0,0,0,0,0,0,0,0,0,0,0,0,1.3
China,"Norway lobsters (Nephrops spp.), nei, not frozen",Imports,Tonnes - net product weight,Tonnes - net product weight,0,0,0,0,0,0,0,0,0,0,0,0,0,0,0,0,0,0,0,0,0,0,0,0,0,0,0,1,0,0,1,0,0,0,0
China,"Octopus, frozen",Imports,Tonnes - net product weight,Tonnes - net product weight,0,0,0,0,0,0,0,0,0,0,0,0,0,0,0,0,0,0,0,0,0,0,0,0,0,0,0,0,0,0,0,0,5626,10484,20420.42
China,"Octopus, live, fresh or chilled",Imports,Tonnes - net product weight,Tonnes - net product weight,0,0,0,0,0,0,0,143,214,99,157,244,281,486,1148,743,272,80,162,10,119,0,22,108,118,78,14,3,0,0,7,0,20,4,0.23
China,"Octopus, other than live, fresh or chilled",Imports,Tonnes - net product weight,Tonnes - net product weight,0,0,0,0,0,0,0,333,1359,1200,1641,1947,2586,2080,3812,6397,6660,9865,8676,7135,6570,5817,6898,6221,3951,3341,2665,5105,8430,2086,2024,2869,207,12,34.37
China,"Octopus, prepared or preserved",Imports,Tonnes - net product weight,Tonnes - net product weight,0,0,0,0,0,0,0,0,0,0,0,0,0,0,0,0,0,0,0,0,0,0,0,0,0,0,0,23,2,2,2,5,19,228,182.75
China,Ornamental fish nei,Imports,Tonnes - net product weight,Tonnes - net product weight,0,0,0,0,0,0,0,22,0,115,17,18,15,11,35,0,0,0,0,0,0,0,0,0,0,48,52,0,0,0,0,0,0,0,0
China,Ornamental freshwater fish,Imports,Tonnes - net product weight,Tonnes - net product weight,0,0,0,0,0,0,0,0,0,0,0,0,0,0,0,0,0,0,0,0,0,0,0,0,0,0,0,47,74,123,141,209,236,267,203.11
China,Ornamental saltwater fish,Imports,Tonnes - net product weight,Tonnes - net product weight,0,0,0,0,0,0,0,0,0,0,0,0,0,0,0,0,0,0,0,0,0,0,0,0,0,0,0,10,11,24,44,85,100,119,58.02
China,"Other  edible fish offal, smoked, dried, salted or in brine",Imports,Tonnes - net product weight,Tonnes - net product weight,0,0,0,0,0,0,0,0,0,0,0,0,0,0,0,0,0,0,0,0,0,0,0,0,0,0,0,233,150,393,74,98,1660,1901,4104.86
China,"Other aquatic invertebrates, live, fresh or chilled",Imports,Tonnes - net product weight,Tonnes - net product weight,0,0,0,0,0,0,0,0,0,0,0,0,0,0,0,0,0,0,0,324,249,203,238,209,249,125,183,185,152,199,137,155,107,87,43.18
China,"Other aquatic invertebrates, prepared or preserved, nei",Imports,Tonnes - net product weight,Tonnes - net product weight,0,0,0,0,0,0,0,0,0,0,0,0,0,0,0,0,0,0,0,0,0,0,0,0,0,0,0,730,370,188,336,0,25,24,0.89
China,"Oyster meat, prepared or preserved, nei",Imports,Tonnes - net product weight,Tonnes - net product weight,0,0,0,0,0,0,0,0,0,0,0,0,0,0,0,0,0,0,0,0,0,0,0,0,0,0,0,24,13,0,0,2,25,21,20.56
China,"Oysters, dried, salted or in brine, smoked",Imports,Tonnes - net product weight,Tonnes - net product weight,0,0,0,0,0,0,0,0,0,0,0,0,0,0,0,0,0,0,0,0,0,0,0,0,0,0,0,229,222,238,164,151,35,13,0.23
China,"Oysters, frozen",Imports,Tonnes - net product weight,Tonnes - net product weight,0,0,0,0,0,0,0,0,0,0,0,0,0,0,0,0,0,0,0,0,0,0,0,0,0,0,0,0,0,0,0,0,431,734,728.71
China,"Oysters, live fresh or chilled, nei",Imports,Tonnes - net product weight,Tonnes - net product weight,0,0,0,0,0,0,0,26,36,71,131,154,23,184,189,134,397,336,449,553,496,517,276,122,261,735,951,808,937,1336,1998,2365,3028,3347,3623.45
China,"Pacific salmons, fresh or chilled",Imports,Tonnes - net product weight,Tonnes - net product weight,0,0,0,0,0,0,0,0,0,0,0,0,0,0,0,0,0,0,0,0,0,0,0,0,0,0,0,61,30,30,94,428,419,477,514.28
China,"Pacific salmons, frozen, nei",Imports,Tonnes - net product weight,Tonnes - net product weight,0,0,0,0,0,0,0,1880,478,4647,1543,2719,9652,22530,14640,18815,42165,39144,64618,76218,118929,139203,114746,91359,182303,155973,203591,105783,180594,144364,133015,155415,150020,214985,150495.1
China,"Plaices, fresh or chilled, nei",Imports,Tonnes - net product weight,Tonnes - net product weight,0,0,0,0,0,0,0,973,1379,2092,10,0,0,0,0,466,1500,1,835,630,314,276,0,0,0,1,1,0,2,0,4,6,0,0,4.62
China,"Plaices, frozen, nei",Imports,Tonnes - net product weight,Tonnes - net product weight,0,0,0,0,0,0,0,3616,2777,21817,29496,16493,42453,36897,29057,70928,72877,77806,78830,89076,137571,131320,128743,132955,109847,132420,152002,73658,8409,6298,3231,3581,2147,993,659.09
China,"Pomfrets, ocean breams, fresh or chilled",Imports,Tonnes - net product weight,Tonnes - net product weight,0,0,0,0,0,0,0,0,0,0,0,0,0,0,0,5,5,0,0,5,3,14,3,0,0,0,1,0,16,34,261,782,303,303,252.81
China,"Pomfrets, ocean breams, frozen",Imports,Tonnes - net product weight,Tonnes - net product weight,0,0,0,0,0,0,0,0,0,0,0,0,0,0,0,2917,1755,1136,943,2511,2551,2695,4383,3270,4195,6219,4840,3565,2479,3306,2921,2853,2655,3596,11926.33
China,"Puffer, fresh or chilled",Imports,Tonnes - net product weight,Tonnes - net product weight,0,0,0,0,0,0,0,0,0,0,0,0,0,0,0,0,0,0,0,0,8,0,0,0,0,0,0,0,0,0,0,0,71,0,10.69
China,"Rays and skates (Rajidae) meat, frozen",Imports,Tonnes - net product weight,Tonnes - net product weight,0,0,0,0,0,0,0,0,0,0,0,0,0,0,0,0,0,0,0,0,0,0,0,0,0,0,0,0,0,0,0,0,50,135,0
China,"Rays and skates (Rajidae), fresh or chilled",Imports,Tonnes - net product weight,Tonnes - net product weight,0,0,0,0,0,0,0,0,0,0,0,0,0,0,0,0,0,0,0,0,0,0,0,0,0,0,0,0,1,0,0,0,1,0,0
China,"Rays and skates (Rajidae), frozen",Imports,Tonnes - net product weight,Tonnes - net product weight,0,0,0,0,0,0,0,0,0,0,0,0,0,0,0,0,0,0,0,0,0,0,0,0,0,0,0,1079,1090,629,693,587,1294,1614,2373.59
China,"River eels, prepared or preserved, not minced, nei",Imports,Tonnes - net product weight,Tonnes - net product weight,0,0,0,0,0,0,0,0,0,0,0,0,15,43,288,128,55,34,22,98,34,307,235,71,113,93,81,87,155,82,119,165,202,103,115.8
China,"Rock lobster & other sea crawfish (Palinurus,Panulirus,Jasus), dried, salted or in brine, smoked",Imports,Tonnes - net product weight,Tonnes - net product weight,0,0,0,0,0,0,0,0,0,0,0,0,0,0,0,0,0,0,0,0,0,0,0,0,0,0,0,0,0,0,0,0,0,0,0
China,"Rock lobster & other sea crawfish (Palinurus,Panulirus,Jasus), live, fresh or chilled, nei",Imports,Tonnes - net product weight,Tonnes - net product weight,0,0,0,0,0,0,0,0,0,0,0,0,0,0,0,0,0,0,0,0,0,0,0,0,0,0,0,0,0,0,0,0,8353,15378,17031.63
China,"Rock lobster and other sea crawfish (Palinurus, Panulirus, Jasus), even smoked, frozen, nei",Imports,Tonnes - net product weight,Tonnes - net product weight,0,0,0,0,0,0,0,73,91,84,264,247,420,1284,638,135,222,376,810,1338,1568,1718,1473,48,185,506,465,255,244,193,921,1242,2483,3227,4093.34
China,"Rock lobster and other sea crawfish, not frozen",Imports,Tonnes - net product weight,Tonnes - net product weight,0,0,0,0,0,0,0,26,177,175,143,197,13,7,116,343,227,640,1179,1633,1462,636,837,906,742,3554,7173,6909,8738,7827,6331,7058,0,0,0
China,"Saithe (=Pollock) fillets, frozen",Imports,Tonnes - net product weight,Tonnes - net product weight,0,0,0,0,0,0,0,0,0,0,0,0,0,0,0,0,0,0,0,0,0,0,0,0,0,0,0,0,0,0,0,132,309,620,151.29
China,"Saithe (=Pollock), fresh or chilled",Imports,Tonnes - net product weight,Tonnes - net product weight,0,0,0,0,0,0,0,2231,947,6,0,0,0,0,0,0,0,0,0,0,0,0,0,0,0,0,0,0,0,0,0,0,0,0,0.58
China,"Saithe (=Pollock), frozen",Imports,Tonnes - net product weight,Tonnes - net product weight,0,0,0,0,0,0,0,5484,4074,4634,5522,1951,8585,1273,1731,2888,951,1745,1043,1326,1747,4834,4986,13060,19257,18262,23512,11893,13209,12639,11239,9774,12732,14190,14633.27
China,"Salmon fillets, fresh or chilled",Imports,Tonnes - net product weight,Tonnes - net product weight,0,0,0,0,0,0,0,0,0,0,0,0,0,0,0,0,0,0,0,0,0,0,0,0,0,0,0,4,4,4,2,3,11,21,52.74
China,"Salmon fillets, frozen",Imports,Tonnes - net product weight,Tonnes - net product weight,0,0,0,0,0,0,0,0,0,0,0,0,0,0,0,0,0,0,0,0,0,0,0,0,0,0,0,855,1559,2509,1028,974,947,945,439.95
China,"Salmon nei, not minced, prepared or preserved",Imports,Tonnes - net product weight,Tonnes - net product weight,0,0,0,0,0,0,0,0,1,1,0,0,20,0,0,0,0,0,4,0,1,18,4,28,5,7,5,13,25,9,17,12,4,20,14.33
China,"Salmonoids meat, fresh or chilled, nei",Imports,Tonnes - net product weight,Tonnes - net product weight,0,0,0,0,0,0,0,0,0,0,0,0,0,0,0,0,0,0,0,0,0,0,0,0,0,0,0,0,0,7,0,0,0,2,2.95
China,"Salmonoids, fresh or chilled, nei",Imports,Tonnes - net product weight,Tonnes - net product weight,0,0,0,0,0,0,0,136,0,2,3,24,83,148,12,8,10,1,0,1,0,0,1,0,0,20,13,6,4,0,0,1,14,0,0
China,"Salmonoids, frozen",Imports,Tonnes - net product weight,Tonnes - net product weight,0,0,0,0,0,0,0,382,334,2118,2449,2336,3187,3318,2468,3677,5471,3323,1850,2970,3327,10039,8862,8128,10941,8691,12130,9211,2250,1191,853,900,1693,751,1232.32
China,"Salmons, fresh or chilled, nei",Imports,Tonnes - net product weight,Tonnes - net product weight,0,0,0,0,0,0,0,267,401,332,1189,136,4,11,707,1289,1258,1936,4022,1853,439,120,482,149,0,0,87,0,0,0,0,0,0,0,0
China,"Salmons, smoked",Imports,Tonnes - net product weight,Tonnes - net product weight,0,0,0,0,0,0,0,20,21,17,21,13,15,12,19,25,27,20,14,29,58,49,27,36,8,31,37,27,33,44,35,21,57,40,19.89
China,"Sardines, sardinellas, brisling or sprats, fresh or chilled",Imports,Tonnes - net product weight,Tonnes - net product weight,0,0,0,0,0,0,0,1,4,1,45,0,0,0,71,0,0,0,0,0,0,1,1,1,2,3,0,0,1,1,3,1,124,8,17.29
China,"Sardines, sardinellas, brisling or sprats, frozen",Imports,Tonnes - net product weight,Tonnes - net product weight,0,0,0,0,0,0,0,2698,816,227,325,770,318,3336,2208,1948,5613,6650,11326,13428,21159,14238,14140,10992,12679,13748,13836,20610,8649,3887,3755,7778,8130,32005,55167.09
China,"Sardines, sardinellas, brisling or sprats, prep. or pres., not minced, nei",Imports,Tonnes - net product weight,Tonnes - net product weight,0,0,0,0,0,0,0,7,6,26,18,1,44,27,36,23,46,31,36,20,42,92,84,61,56,90,126,307,280,238,184,183,148,149,147.85
China,"Scallop meat, prepared or preserved",Imports,Tonnes - net product weight,Tonnes - net product weight,0,0,0,0,0,0,0,0,0,0,0,0,0,0,0,0,0,0,0,0,0,0,0,0,0,0,0,103,448,318,637,1699,710,4467,1770.32
China,"Scallops, including queen scallop, frozen",Imports,Tonnes - net product weight,Tonnes - net product weight,0,0,0,0,0,0,0,0,0,0,0,0,0,0,0,0,0,0,0,0,0,0,0,0,0,0,0,0,0,0,0,0,31040,57181,61967.11
China,"Scallops, including queen scallops, dried, salted or in brine; smoked",Imports,Tonnes - net product weight,Tonnes - net product weight,0,0,0,0,0,0,0,57,89,87,199,489,935,766,1614,1239,1578,1204,1226,1015,937,803,763,1077,1172,5887,4979,13138,23138,27057,53419,43431,1302,830,107.93
China,"Scallops, live, fresh or chilled, nei",Imports,Tonnes - net product weight,Tonnes - net product weight,0,0,0,0,0,0,0,150,492,733,393,70,109,30,618,877,512,341,667,1021,793,154,9,23,9,203,142,463,588,2292,2371,1932,2624,11305,5394.15
China,"Sea-cucumber, frozen",Imports,Tonnes - net product weight,Tonnes - net product weight,0,0,0,0,0,0,0,0,0,0,0,0,0,0,0,0,0,0,0,0,0,0,0,0,0,0,0,0,0,0,0,0,2524,6392,8336
China,"Sea-cucumber, live, fresh or chilled",Imports,Tonnes - net product weight,Tonnes - net product weight,0,0,0,0,0,0,0,0,0,0,0,0,0,0,0,0,0,0,0,0,0,0,0,0,0,0,0,7,3,5,3,2,6,12,25.06
China,"Sea-cucumber, other than live, fresh or chilled",Imports,Tonnes - net product weight,Tonnes - net product weight,0,0,0,0,0,0,0,1301,320,173,0,49,1,9,139,186,2059,481,1619,1630,281,485,789,588,470,1053,2255,1653,1399,994,1486,1838,370,446,3776.96
China,"Sea-cucumber, prepared or preserved",Imports,Tonnes - net product weight,Tonnes - net product weight,0,0,0,0,0,0,0,0,0,0,0,0,0,0,0,0,0,0,0,0,0,0,0,0,0,0,0,17,144,135,456,144,84,111,412.51
China,"Sea-urchin, frozen",Imports,Tonnes - net product weight,Tonnes - net product weight,0,0,0,0,0,0,0,0,0,0,0,0,0,0,0,0,0,0,0,0,0,0,0,0,0,0,0,0,0,0,0,0,3,0,0
China,"Sea-urchin, live, fresh or chilled",Imports,Tonnes - net product weight,Tonnes - net product weight,0,0,0,0,0,0,0,0,0,0,0,0,0,0,0,0,0,0,0,0,0,0,0,0,0,0,0,56,30,57,62,43,70,34,43.99
China,"Sea-urchin, other than live, fresh or chilled",Imports,Tonnes - net product weight,Tonnes - net product weight,0,0,0,0,0,0,0,0,0,0,0,0,0,0,0,0,0,0,0,0,0,0,0,0,0,0,0,2,0,0,0,0,0,0,0
China,"Sea-urchin, prepared or preserved",Imports,Tonnes - net product weight,Tonnes - net product weight,0,0,0,0,0,0,0,0,0,0,0,0,0,0,0,0,0,0,0,0,0,0,0,0,0,0,0,0,0,0,1,0,0,0,0.01
China,"Seabass, fresh or chilled",Imports,Tonnes - net product weight,Tonnes - net product weight,0,0,0,0,0,0,0,0,0,0,0,0,0,0,0,0,0,0,0,0,0,0,0,0,0,0,0,0,1,1,0,0,0,0,0.33
China,"Seabass, frozen",Imports,Tonnes - net product weight,Tonnes - net product weight,0,0,0,0,0,0,0,75,2,4,22,0,1061,205,267,1724,1081,573,687,559,121,27,538,73,16,32,0,8,43,2,22,65,185,99,12.93
China,"Seabreams nei, fresh or chilled",Imports,Tonnes - net product weight,Tonnes - net product weight,0,0,0,0,0,0,0,0,0,0,0,0,0,0,0,0,0,0,0,0,0,0,0,0,0,0,0,0,0,0,0,0,35,0,0.01
China,"Shark fins, fresh or chilled",Imports,Tonnes - net product weight,Tonnes - net product weight,0,0,0,0,0,0,0,0,0,0,0,0,0,0,0,0,0,0,0,0,0,0,0,0,0,0,0,0,0,0,0,0,7,0,0
China,"Shark fins, frozen",Imports,Tonnes - net product weight,Tonnes - net product weight,0,0,0,0,0,0,0,0,0,0,0,0,0,0,0,0,0,0,0,0,0,0,0,0,0,0,0,0,0,0,0,0,1132,1775,2899.13
China,"Shark fins, prepared or preserved",Imports,Tonnes - net product weight,Tonnes - net product weight,0,0,0,0,0,0,0,0,0,0,0,0,0,0,0,0,0,0,0,0,15,0,3,7,1,36,1,4,0,0,1,0,0,8,0.81
China,"Shark fins, smoked, dried, whether or not salted, etc.",Imports,Tonnes - net product weight,Tonnes - net product weight,0,0,0,0,0,0,0,3023,3080,3375,0,4363,4389,4236,4062,4646,3129,3555,3818,4776,3338,2662,2542,2005,731,147,159,109,39,20,10,10,46,650,398.34
China,"Sharks nei, fresh or chilled",Imports,Tonnes - net product weight,Tonnes - net product weight,0,0,0,0,0,0,0,0,5,0,1,30,214,70,211,350,419,595,1099,504,135,18,0,0,0,0,0,9,0,111,112,202,185,142,30.33
China,"Shrimps and prawns (Pandalus spp.), frozen",Imports,Tonnes - net product weight,Tonnes - net product weight,0,0,0,0,0,0,0,0,0,0,0,0,0,0,0,128,0,322,116,0,16,1168,6201,3956,5989,6968,7534,18858,30353,26860,31258,31742,44568,45859,53461.43
China,"Shrimps and prawns, dried, salted or in brine, smoked nei",Imports,Tonnes - net product weight,Tonnes - net product weight,3000,3500,3664,2834,1195,1281,1732,0,0,0,0,0,0,0,0,0,0,0,0,0,0,0,0,0,0,0,0,0,0,0,0,0,9,5,1519.74
China,"Shrimps and prawns, frozen, nei",Imports,Tonnes - net product weight,Tonnes - net product weight,0,0,456,21,178,49,132,919,2393,12184,12196,13618,12193,13210,14407,47128,54989,58545,56842,47109,50734,47954,34085,27441,28342,40029,35543,0,0,0,0,0,0,0,0
China,"Shrimps and prawns, live, fresh or chilled, nei",Imports,Tonnes - net product weight,Tonnes - net product weight,0,0,0,0,0,0,0,1,4,8,0,5,51,0,163,399,33,72,308,334,216,321,111,2,1,0,0,0,0,0,0,1,7544,10527,13232.2
China,"Shrimps and prawns, not frozen, nei",Imports,Tonnes - net product weight,Tonnes - net product weight,0,0,0,0,0,0,0,51,190,180,544,489,123,58,529,3764,3502,2908,2506,2487,2010,2144,2401,3017,3825,5656,5767,6507,6715,6817,6637,7671,0,0,0
China,"Shrimps and prawns, other than coldwater, even smoked, frozen",Imports,Tonnes - net product weight,Tonnes - net product weight,0,0,0,0,0,0,0,0,0,0,0,0,0,0,0,0,0,0,0,0,0,0,0,0,0,0,0,22676,24474,31306,53617,55300,55330,174793,612348.04
China,"Shrimps and prawns, peeled, fresh or chilled",Imports,Tonnes - net product weight,Tonnes - net product weight,0,0,0,0,0,0,0,0,0,0,0,0,0,0,0,0,0,0,0,0,0,0,0,0,0,0,0,0,0,0,0,0,2,3,0.22
China,"Shrimps and prawns, peeled, frozen",Imports,Tonnes - net product weight,Tonnes - net product weight,0,0,5,13,109,63,23,1601,718,1456,0,1010,1793,1933,2373,5939,8115,5751,8528,7947,6312,6290,4648,2643,3485,4626,3892,3655,3062,4820,5549,5444,8209,18042,37103.14
China,"Shrimps and prawns, prep. or pres., in airtight containers",Imports,Tonnes - net product weight,Tonnes - net product weight,0,0,0,0,0,0,0,0,0,0,0,0,0,0,0,0,0,0,0,0,0,0,0,0,0,0,0,254,347,244,491,822,1108,2118,2279.89
China,"Shrimps and prawns, prep. or pres., not in airtight containers",Imports,Tonnes - net product weight,Tonnes - net product weight,0,0,0,0,0,0,0,0,0,0,0,0,0,0,0,0,0,0,0,0,0,0,0,0,0,0,0,105,12,35,88,135,56,77,16.05
China,"Shrimps, prawns live, for breeding and other purposes",Imports,Tonnes - net product weight,Tonnes - net product weight,0,0,0,0,0,0,0,50,107,37,0,19,27,24,25,13,10,11,8,7,5,5,6,18,13,12,13,15,22,30,28,21,16,17,14.52
China,"Shrimps, prawns, prepared or preserved, nei",Imports,Tonnes - net product weight,Tonnes - net product weight,0,0,0,0,0,0,0,2361,966,1360,1866,1832,37,7,13,65,37,84,6,128,104,147,980,478,1245,281,360,0,0,0,0,0,0,0,0
China,"Skipjack tuna, fresh or chilled",Imports,Tonnes - net product weight,Tonnes - net product weight,0,0,0,0,0,0,0,0,0,0,0,0,0,0,0,20,0,0,0,0,0,0,0,0,1,0,0,1,2,2,3,2,4,4,1.5
China,"Skipjack tuna, frozen",Imports,Tonnes - net product weight,Tonnes - net product weight,0,0,0,0,0,0,0,20,102,1,1,1,0,25,0,82,507,320,1755,2096,854,2978,542,1751,28112,16678,23110,50683,72854,75866,71532,67816,51915,95150,79334.2
China,"Sockeye salmon (red salmon)(Oncorhynchus nerka), frozen",Imports,Tonnes - net product weight,Tonnes - net product weight,0,0,0,0,0,0,0,0,0,0,0,0,0,0,0,0,0,834,1660,3273,5901,8613,10440,17393,10953,3949,6519,6018,2160,4973,4124,6109,5070,2764,3868.79
China,"Southern bluefin tuna(Thunnus maccoyii), fresh or chilled",Imports,Tonnes - net product weight,Tonnes - net product weight,0,0,0,0,0,0,0,0,0,0,0,0,0,0,0,0,0,0,0,8,8,2,0,0,0,2,0,2,3,2,0,0,20,49,82.69
China,"Southern bluefin tuna(Thunnus maccoyii), frozen",Imports,Tonnes - net product weight,Tonnes - net product weight,0,0,0,0,0,0,0,0,0,0,0,0,0,0,0,0,0,0,0,0,0,0,0,0,0,0,10,2,34,103,112,0,219,0,0.03
China,"Stromboid conchs (Strombus spp), frozen",Imports,Tonnes - net product weight,Tonnes - net product weight,0,0,0,0,0,0,0,0,0,0,0,0,0,0,0,0,0,0,0,0,0,0,0,0,0,0,0,0,0,0,0,0,112,297,3074.98
China,"Stromboid conchs, live, fresh or chilled",Imports,Tonnes - net product weight,Tonnes - net product weight,0,0,0,0,0,0,0,0,0,0,0,0,0,0,0,0,0,0,0,0,0,0,0,0,0,0,0,0,0,0,0,0,824,1126,827.67
China,"Swordfish fillets, fresh or chilled",Imports,Tonnes - net product weight,Tonnes - net product weight,0,0,0,0,0,0,0,0,0,0,0,0,0,0,0,0,0,0,0,0,0,0,0,0,0,0,0,0,0,0,0,0,0,0,0
China,"Swordfish fillets, frozen",Imports,Tonnes - net product weight,Tonnes - net product weight,0,0,0,0,0,0,0,0,0,0,0,0,0,0,0,0,0,0,0,0,0,0,0,0,1,0,0,0,0,0,0,0,0,0,0
China,"Swordfish meat, frozen",Imports,Tonnes - net product weight,Tonnes - net product weight,0,0,0,0,0,0,0,0,0,0,0,0,0,0,0,0,0,0,0,0,0,0,1,23,0,0,0,15,11,36,18,12,0,14,19.35
China,"Swordfish, fresh or chilled",Imports,Tonnes - net product weight,Tonnes - net product weight,0,0,0,0,0,0,0,0,0,0,0,0,0,0,0,0,0,0,0,0,0,0,0,0,0,0,0,0,0,0,0,0,0,0,0
China,"Swordfish, frozen",Imports,Tonnes - net product weight,Tonnes - net product weight,0,0,0,0,0,0,0,0,0,0,0,0,0,0,0,0,0,0,0,0,0,0,156,1,0,17,2,177,880,854,847,907,468,242,156.36
China,"Tilapia fillets, frozen",Imports,Tonnes - net product weight,Tonnes - net product weight,0,0,0,0,0,0,0,0,0,0,0,0,0,0,0,0,0,0,0,0,0,20,0,0,1,1,208,6,0,0,62,28,18,115,55.05
China,"Tilapia, catfish, carp, eel, Nile perch and snakeheads, fillets, dried/salted/brine, not smoked",Imports,Tonnes - net product weight,Tonnes - net product weight,0,0,0,0,0,0,0,0,0,0,0,0,0,0,0,0,0,0,0,0,0,0,0,0,0,0,0,0,0,0,0,0,10,0,11.58
China,"Tilapias prepared or preserved, not minced",Imports,Tonnes - net product weight,Tonnes - net product weight,0,0,0,0,0,0,0,0,0,0,0,0,0,0,0,0,0,0,0,0,0,0,0,0,0,0,73,148,4,112,40,0,111,22,0
China,"Tilapias, catfish, carp, eels, Nile perch and snakeheads  meat, frozen",Imports,Tonnes - net product weight,Tonnes - net product weight,0,0,0,0,0,0,0,0,0,0,0,0,0,0,0,0,0,0,0,0,0,0,0,0,0,0,0,32,385,31,121,160,70,166,405
China,"Tilapias, catfish, carp, eels, Nile perch and snakeheads, salted or in brine",Imports,Tonnes - net product weight,Tonnes - net product weight,0,0,0,0,0,0,0,0,0,0,0,0,0,0,0,0,0,0,0,0,0,0,0,0,0,0,0,0,0,0,0,232,1682,1851,4776.82
China,"Tilapias, frozen",Imports,Tonnes - net product weight,Tonnes - net product weight,0,0,0,0,0,0,0,0,0,0,0,0,0,0,0,0,0,17,36,0,43,46,45,0,0,0,19,1,1,0,0,0,4,0,0.1
China,"Toothfish (Dissostichus spp.), fillets, frozen",Imports,Tonnes - net product weight,Tonnes - net product weight,0,0,0,0,0,0,0,0,0,0,0,0,0,0,0,0,0,0,0,0,0,0,0,0,0,0,0,0,0,0,0,10,17,13,28.54
China,"Toothfish (Dissostichus spp.), frozen",Imports,Tonnes - net product weight,Tonnes - net product weight,0,0,0,0,0,0,0,0,0,0,0,0,0,0,0,0,0,0,0,0,0,0,24,213,241,858,989,1099,871,221,314,633,744,4207,6321.81
China,"Toothfish (Dissostichus spp.), meat, frozen",Imports,Tonnes - net product weight,Tonnes - net product weight,0,0,0,0,0,0,0,0,0,0,0,0,0,0,0,0,0,0,0,0,0,0,0,0,3,0,0,161,3,21,0,29,5,57,96.94
China,"Trout fillets, fresh and chilled",Imports,Tonnes - net product weight,Tonnes - net product weight,0,0,0,0,0,0,0,0,0,0,0,0,0,0,0,0,0,0,0,0,0,0,0,0,0,0,0,0,0,0,0,0,0,0,0
China,"Trout fillets, frozen",Imports,Tonnes - net product weight,Tonnes - net product weight,0,0,0,0,0,0,0,0,0,0,0,0,0,0,0,0,0,0,0,0,0,0,0,0,0,0,0,1,223,50,42,6,3,32,14.78
China,Trouts and chars live,Imports,Tonnes - net product weight,Tonnes - net product weight,0,0,0,0,0,0,0,0,0,0,0,0,0,0,0,0,0,0,0,0,0,0,0,0,0,0,0,0,0,0,0,0,0,0,0
China,"Trouts and chars, fresh or chilled",Imports,Tonnes - net product weight,Tonnes - net product weight,0,0,0,0,0,0,0,9,2,0,0,1,0,0,0,77,1,1,4,0,3,18,5,1,0,1,1,0,5,0,0,39,4,91,19.89
China,"Trouts and chars, frozen",Imports,Tonnes - net product weight,Tonnes - net product weight,0,0,0,0,0,0,0,194,0,6,0,18,215,572,1650,168,305,911,502,1673,3222,2863,3206,4932,3649,5191,6933,6223,7644,5690,5983,5931,5788,3454,2447.11
China,"Trouts and chars, smoked",Imports,Tonnes - net product weight,Tonnes - net product weight,0,0,0,0,0,0,0,0,0,0,0,0,0,0,0,0,0,0,0,0,0,0,0,0,0,0,0,0,11,8,29,18,45,40,22.25
China,"Tuna loins and fillets, frozen",Imports,Tonnes - net product weight,Tonnes - net product weight,0,0,0,0,0,0,0,0,0,0,0,0,0,0,0,0,0,0,0,0,0,0,0,0,0,0,0,70,47,59,42,164,81,1552,1583.87
China,"Tunas nei, frozen",Imports,Tonnes - net product weight,Tonnes - net product weight,0,0,0,0,0,0,0,6,64,193,170,38,28,1145,61,96,24,52,1540,4192,911,1470,781,3282,530,558,128,91,233,815,116,107,14,371,320.7
China,"Tunas prepared or preserved, not minced, nei",Imports,Tonnes - net product weight,Tonnes - net product weight,0,0,0,0,0,0,0,4,31,10,33,48,127,52,113,298,573,439,720,1023,1098,1375,1865,1429,1441,1757,2523,1600,3385,2697,2688,2485,2778,2868,3103.78
China,"Tunas, fresh or chilled, nei",Imports,Tonnes - net product weight,Tonnes - net product weight,0,0,0,0,0,0,0,2902,48,2,0,2,1,2,2,2,1,50,27,10,1,0,0,0,2,0,0,0,0,0,0,0,0,0,0
China,"Turbots, frozen",Imports,Tonnes - net product weight,Tonnes - net product weight,0,0,0,0,0,0,0,0,0,0,0,0,0,0,0,0,0,0,0,0,0,0,0,0,0,0,0,22,17,7,25,0,0,0,0
China,"Yellowfin tuna, fresh or chilled",Imports,Tonnes - net product weight,Tonnes - net product weight,0,0,0,0,0,0,0,0,1,0,3,2,0,36,531,1263,419,760,140,1,5,21,18,8,16,20,27,17,11,14,22,53,73,141,185.57
China,"Yellowfin tuna, frozen, nei",Imports,Tonnes - net product weight,Tonnes - net product weight,0,0,0,0,0,0,0,0,0,0,20,2,11,0,0,63,48,2,7,824,556,3830,3306,1399,4610,3557,3977,7046,5784,7001,12396,13700,15146,8252,9388.32